<?xml version="1.0" encoding="UTF-8"?>

<!DOCTYPE hibernate-configuration PUBLIC
	"-//Hibernate/Hibernate Configuration DTD 3.0//EN"
	"http://www.hibernate.org/dtd/hibernate-configuration-3.0.dtd">
	
	<hibernate-configuration>
		<session-factory>
			<property name = "hibernate.connection.driver_class">com.mysql.cj.jdbc.Driver</property>
			<property name = "hibernate.connection.url">jdbc:mysql://localhost:3306/mydb</property>
			<property name = "hibernate.connection.username">root</property>
			<property name = "hibernate.connection.password"></property>
			
			<property name="hibernate.hbm2ddl.auto">update</property>
			<property name="hibernate.show_sql">true</property>
			
			<mapping resource="Employee.hbm.xml"/>
			
			
			<property name="hibernate.connection.dialect">org.hibernate.dialect.MySQL55Dialect</property>
			<property name="hibernate.connection.autocommit">true</property>
			<property name="hibernate.connection.pool_size">20</property>
		</session-factory>
	</hibernate-configuration>